{"min_values": {"kwh": 0.0, "relative_humidity_2m": 5.2386956214904785, "shortwave_radiation": 0.0}, "max_values": {"kwh": 336.55, "relative_humidity_2m": 100.0, "shortwave_radiation": 969.0}, "mean_values": 20.503141403198242, "std_values": 8.19416618347168}